locality,property_type,subtype_property,price,type_of_sale,number_of_rooms,living_area,kitchen_fully_equiped,is_furnished,has_open_fire,has_terrace,terrace_area,has_garden,garden_surface,habitable_surface,plot_land_surface,number_of_facades,has_swimming_pool,building_state
Herselt,HOUSE,HOUSE,445000,residential_sale,3,20,No,No,No,Yes,60,Yes,1200,190,1523,4,No,AS_NEW
Ixelles,APARTMENT,APARTMENT,348000,residential_sale,1,38,Yes,No,No,No,,No,,83,,,No,TO_BE_DONE_UP
Eeklo,HOUSE,HOUSE,195000,residential_sale,3,,None,No,No,No,,No,,,,,No,None
Damme,HOUSE,HOUSE,1150000,residential_sale,5,,None,No,Yes,No,,No,,297,,,No,None
Izegem,HOUSE,HOUSE,179000,residential_sale,4,,None,No,No,No,,No,,152,,,No,None
Knokke,APARTMENT,APARTMENT,1295000,residential_sale,3,,None,No,No,Yes,,No,,104,,,No,None
Roeselare,HOUSE,HOUSE,310000,residential_sale,3,,None,No,Yes,Yes,,Yes,,233,,,No,None
Ichtegem,HOUSE,HOUSE,274000,residential_sale,3,,None,No,No,No,,Yes,,225,,,No,None
Leglise,HOUSE,HOUSE,379000,residential_sale,4,15,No,No,No,Yes,70,No,,,808,4,No,AS_NEW
Gent,APARTMENT,APARTMENT,375000,residential_sale,3,,None,No,No,Yes,12,No,,138,,,No,None
Flemalle,HOUSE,HOUSE,115000,residential_sale,2,15,No,No,No,No,,Yes,163,,354,3,No,TO_BE_DONE_UP
Wenduine (De Haan),APARTMENT,APARTMENT,129000,residential_sale,0,,None,No,No,No,,No,,34,,,No,None
Antwerp,APARTMENT,APARTMENT,349000,residential_sale,2,29,Yes,No,No,Yes,17,No,,76,,4,No,AS_NEW
Waregem,HOUSE,HOUSE,320000,residential_sale,3,,None,No,No,No,,No,,168,,,No,None
Wenduine,APARTMENT,APARTMENT,235000,residential_sale,2,,None,No,No,No,,No,,65,,,No,None
Wommelgem,HOUSE,HOUSE,395000,residential_sale,3,,None,No,No,Yes,,Yes,640,180,,,No,None
Gent,APARTMENT,APARTMENT,174000,residential_sale,2,,None,No,No,Yes,20,No,,60,,,No,None
Waterloo,HOUSE,HOUSE,425000,residential_sale,3,25,No,No,No,Yes,11,No,,110,147,3,No,GOOD
Wenduine,APARTMENT,APARTMENT,259000,residential_sale,2,,None,No,No,Yes,,No,,66,,,No,None
Hasselt,APARTMENT,APARTMENT,390000,residential_sale,2,,None,No,No,Yes,29,No,,103,,,No,None
Halle,APARTMENT,APARTMENT,349000,residential_sale,2,,None,No,Yes,Yes,24,No,,125,,,No,None
Vilvoorde Peutie,HOUSE,HOUSE,339000,residential_sale,2,28,Yes,No,No,Yes,10,No,,120,80,2,No,AS_NEW
De Panne,APARTMENT,APARTMENT,175000,residential_sale,1,,None,Yes,No,No,,No,,48,,,No,None
Sauvenière,HOUSE,HOUSE,259000,residential_sale,4,40,No,No,No,No,,Yes,931,145,931,4,No,GOOD
Courcelles,HOUSE,HOUSE,399900,residential_sale,6,35,No,No,No,Yes,25,Yes,500,230,909,3,No,GOOD
Verviers,HOUSE,HOUSE,260000,residential_sale,4,,None,No,No,Yes,20,Yes,170,141,,,No,None
Buggenhout,HOUSE,HOUSE,435000,residential_sale,6,,None,No,No,Yes,,No,,260,,,No,None
Kruibeke,APARTMENT,APARTMENT,219000,residential_sale,1,,None,No,No,Yes,2,No,,75,,,No,None
Boussu Hornu,HOUSE,HOUSE,95000,residential_sale,3,,None,No,No,No,,No,,,,,No,None
BASECLES,HOUSE,HOUSE,165000,residential_sale,3,15,No,No,No,Yes,60,Yes,50,110,285,2,No,GOOD
Berchem,APARTMENT,APARTMENT,337000,residential_sale,2,,None,No,Yes,Yes,13,Yes,17,74,,,No,None
Woluwe-Saint-Pierre,HOUSE,HOUSE,880000,residential_sale,5,45,Yes,No,No,Yes,28,Yes,102,325,378,3,No,AS_NEW
Liège,APARTMENT,APARTMENT,125000,residential_sale,1,,None,No,No,Yes,2,No,,60,,,No,None
Zwevegem,HOUSE,HOUSE,169000,residential_sale,3,,None,No,No,Yes,,No,,125,,,No,None
Sint-Niklaas,HOUSE,HOUSE,289000,residential_sale,3,,None,No,No,No,,No,,131,,,No,None
Hasselt,HOUSE,HOUSE,395000,residential_sale,3,,None,No,No,No,,No,,233,,,No,None
Grivegnée,APARTMENT,APARTMENT,150000,residential_sale,1,,None,No,No,Yes,6,No,,75,,,No,None
Izegem,HOUSE,HOUSE,155000,residential_sale,2,,None,No,No,No,,No,,122,,,No,None
Antwerp,APARTMENT,APARTMENT,265000,residential_sale,2,,None,No,No,Yes,15,No,,80,,,No,None
Sart-Dames-Avelines (Villers-la-Ville),HOUSE,HOUSE,449000,residential_sale,3,,None,No,No,Yes,,No,,130,,,No,None
La Louviere,APARTMENT,APARTMENT,299999,residential_sale,2,,None,No,No,Yes,7,No,,89,,,No,None
Schoten,HOUSE,HOUSE,365000,residential_sale,2,,None,No,Yes,No,,Yes,,180,,,No,None
Lembeek,HOUSE,HOUSE,385000,residential_sale,3,,None,No,No,No,,No,,158,,,No,None
Dudzele,HOUSE,HOUSE,775000,residential_sale,3,,None,No,No,Yes,,No,,188,,,No,None
Antwerp,HOUSE,HOUSE,385000,residential_sale,3,,None,No,No,No,,Yes,85,165,,,No,None
Antwerpen Wilrijk,APARTMENT,APARTMENT,269000,residential_sale,2,33,Yes,No,No,Yes,2,No,,87,,2,No,GOOD
Halle,HOUSE,HOUSE,385000,residential_sale,3,,None,No,No,No,,No,,158,,,No,None
Halle,HOUSE,HOUSE,375000,residential_sale,3,,None,No,No,Yes,40,No,,168,,,No,None
Braine-l'Alleud,APARTMENT,APARTMENT,474500,residential_sale,3,,None,No,No,Yes,18,No,,136,,,No,None
Charleroi,APARTMENT,APARTMENT,164999,residential_sale,3,,None,Yes,No,No,,No,,118,,,No,None
Hasselt,HOUSE,HOUSE,360000,residential_sale,3,,None,No,No,Yes,,No,,207,,,No,None
Zwijndrecht (Zwijndrecht),APARTMENT,APARTMENT,199000,residential_sale,2,,None,No,No,Yes,7,No,,80,,,No,None
Tremelo,HOUSE,HOUSE,440000,residential_sale,4,,None,No,No,Yes,,No,,214,,,No,None
Halle,HOUSE,HOUSE,350000,residential_sale,3,,None,No,No,Yes,,No,,180,,,No,None
Bazel,HOUSE,HOUSE,269000,residential_sale,2,,None,No,No,Yes,16,Yes,30,101,,,No,None
Oostende,HOUSE,HOUSE,322000,residential_sale,2,,None,No,No,No,,No,,200,,,No,None
Hasselt,HOUSE,HOUSE,350000,residential_sale,4,,None,No,No,No,,No,,181,,,No,None
Merelbeke,HOUSE,HOUSE,795000,residential_sale,4,,None,No,No,Yes,,No,,302,,,Yes,None
Tremelo,HOUSE,HOUSE,375000,residential_sale,5,,None,No,No,Yes,,No,,190,,,No,None
Braine-l'Alleud,APARTMENT,APARTMENT,365000,residential_sale,3,,None,No,No,Yes,3,No,,135,,,No,None
Assebroek,APARTMENT,APARTMENT,245000,residential_sale,2,,None,No,No,No,,No,,80,,,No,None
Tremelo Baal,APARTMENT,APARTMENT,245000,residential_sale,2,,None,No,No,Yes,,No,,110,,,No,None
Neufchateau,HOUSE,HOUSE,230000,residential_sale,4,,None,No,No,No,,Yes,1500,135,,,No,None
Lebbeke,HOUSE,HOUSE,379000,residential_sale,3,,None,No,No,Yes,,No,,,,,No,None
Braine-l'Alleud,APARTMENT,APARTMENT,474500,residential_sale,3,,None,No,No,Yes,15,No,,140,,,No,None
Vorst,HOUSE,HOUSE,639000,residential_sale,4,,None,No,No,No,,No,,231,,,No,None
Antwerp,APARTMENT,APARTMENT,230000,residential_sale,2,34,Yes,No,No,Yes,4,No,,94,,2,No,AS_NEW
Liege,APARTMENT,APARTMENT,275000,residential_sale,3,38,No,No,No,Yes,6,No,,,,3,No,AS_NEW
Berlare Uitbergen,HOUSE,HOUSE,269000,residential_sale,2,,None,No,No,Yes,,No,,,,,No,None
Braine-l'Alleud,HOUSE,HOUSE,290000,residential_sale,2,33,No,No,No,Yes,20,Yes,75,110,199,2,No,
Lanaken,HOUSE,HOUSE,265000,residential_sale,3,,None,No,No,No,,Yes,,241,,,No,None
Halle,APARTMENT,APARTMENT,475000,residential_sale,2,,None,No,No,Yes,37,No,,105,,,No,None
Strombeek-Bever,APARTMENT,APARTMENT,269000,residential_sale,2,,None,No,No,Yes,10,No,,98,,,No,None
Gent,APARTMENT,APARTMENT,395000,residential_sale,2,,None,No,No,No,,No,,84,,,No,None
Gent,APARTMENT,APARTMENT,398000,residential_sale,1,,None,No,No,Yes,9,No,,65,,,No,None
SINT-JANS-MOLENBEEK,APARTMENT,APARTMENT,290000,residential_sale,2,,None,No,Yes,Yes,4,No,,,,,No,None
Antwerpen Berchem,APARTMENT,APARTMENT,225000,residential_sale,2,,None,No,No,Yes,18,No,,80,,,No,None
Braine-l'Alleud,HOUSE,HOUSE,325000,residential_sale,3,32,No,No,No,Yes,32,Yes,50,140,150,2,No,
Sint-Pieters-Leeuw,HOUSE,HOUSE,425000,residential_sale,3,,None,No,No,Yes,50,No,,250,,,No,None
Gent,HOUSE,HOUSE,330000,residential_sale,4,,None,No,No,No,,No,,175,,,No,None
Opwijk,HOUSE,HOUSE,429000,residential_sale,6,,None,No,No,Yes,,No,,258,,,No,None
Hamme,HOUSE,HOUSE,449000,residential_sale,4,39,No,No,No,Yes,50,Yes,576,242,673,4,No,TO_RENOVATE
Ans,APARTMENT,APARTMENT,189000,residential_sale,2,,None,No,No,No,,No,,66,,,No,None
Halle,APARTMENT,APARTMENT,249900,residential_sale,1,,None,No,No,Yes,24,No,,66,,,No,None
Bruxelles,APARTMENT,APARTMENT,299000,residential_sale,2,,None,No,No,Yes,,No,,92,,,No,None
Flemalle,HOUSE,HOUSE,269000,residential_sale,4,27,No,No,No,Yes,50,Yes,1340,183,1521,4,No,TO_BE_DONE_UP
Knokke-Heist,APARTMENT,APARTMENT,930000,residential_sale,2,,None,No,No,No,,No,,105,,,No,None
Brasschaat,HOUSE,HOUSE,628000,residential_sale,3,,None,No,Yes,Yes,,Yes,,188,,,Yes,None
Wetteren,HOUSE,HOUSE,380000,residential_sale,4,,None,No,Yes,Yes,,Yes,155,182,,,No,None
Berloz,HOUSE,HOUSE,235000,residential_sale,3,,None,No,No,Yes,15,Yes,645,135,,,No,None
Mechelen,HOUSE,HOUSE,369000,residential_sale,3,,None,No,No,No,,Yes,40,135,,,No,None
Waterloo,HOUSE,HOUSE,1490000,residential_sale,3,,None,No,No,Yes,,No,,496,,,Yes,None
Knokke-Heist,APARTMENT,APARTMENT,485000,residential_sale,1,,None,No,No,Yes,,No,,42,,,No,None
ELVERSELE,HOUSE,HOUSE,699000,residential_sale,5,,None,No,Yes,No,,Yes,,,,,No,None
Heist-op-den-Berg,HOUSE,HOUSE,529000,residential_sale,3,,None,No,Yes,Yes,21,Yes,175,188,,,No,None
Kortrijk,HOUSE,HOUSE,305000,residential_sale,2,,None,No,No,Yes,,Yes,200,124,,,No,None
Asse,HOUSE,HOUSE,295000,residential_sale,3,25,Yes,No,No,No,,No,,137,350,2,No,
Seraing,HOUSE,HOUSE,180000,residential_sale,4,32,No,No,No,Yes,40,No,,135,112,2,No,GOOD
Knokke,APARTMENT,APARTMENT,395000,residential_sale,1,,None,No,No,No,,No,,67,,,No,None
Kortrijk,HOUSE,HOUSE,545000,residential_sale,3,,None,No,No,Yes,,No,,374,,,No,None
Koekelberg,APARTMENT,APARTMENT,265000,residential_sale,2,,None,No,Yes,Yes,2,No,,100,,,No,None
Wevelgem,HOUSE,HOUSE,229000,residential_sale,3,,None,No,No,No,,Yes,,,,,No,None
Zellik,APARTMENT,APARTMENT,215000,residential_sale,2,,None,No,No,Yes,,No,,72,,,No,None
Roeselare,HOUSE,HOUSE,215000,residential_sale,2,,None,No,No,Yes,12,Yes,140,102,,,No,None
Sint-Martens-Latem,HOUSE,HOUSE,685000,residential_sale,2,,None,No,No,No,,No,,179,,,No,None
Antwerp,HOUSE,HOUSE,435000,residential_sale,2,,None,No,No,No,,Yes,41,138,,,No,None
Roesbrugge,HOUSE,HOUSE,249000,residential_sale,2,53,Yes,No,No,Yes,,Yes,,131,3000,,No,TO_BE_DONE_UP
Seraing,HOUSE,HOUSE,159500,residential_sale,4,25,No,No,No,No,,No,,175,110,3,No,GOOD
Oostende,APARTMENT,APARTMENT,620000,residential_sale,2,,None,No,No,No,,No,,138,,,No,None
Wilrijk,APARTMENT,APARTMENT,275000,residential_sale,2,,None,No,Yes,Yes,,Yes,,72,,,No,None
Knokke-Heist,APARTMENT,APARTMENT,1295000,residential_sale,3,,None,Yes,No,Yes,6,No,,104,,,No,None
Kortemark,HOUSE,HOUSE,145000,residential_sale,3,,None,No,No,No,,No,,,,,No,None
Liège Wandre,HOUSE,HOUSE,279500,residential_sale,3,32,No,No,No,Yes,,Yes,85,130,250,3,No,AS_NEW
Hasselt,APARTMENT,APARTMENT,199000,residential_sale,1,26,No,No,No,No,,No,,61,,2,No,GOOD
Hoboken,HOUSE,HOUSE,349900,residential_sale,3,30,No,No,Yes,No,,Yes,72,164,168,2,No,AS_NEW
Knokke-Heist,APARTMENT,APARTMENT,695000,residential_sale,2,,None,Yes,No,Yes,4,No,,60,,,No,None
Arlon,APARTMENT,APARTMENT,230000,residential_sale,2,,None,No,No,No,,No,,78,,,No,None
Evere,APARTMENT,APARTMENT,395000,residential_sale,2,,None,No,No,Yes,18,No,,110,,,No,None
Bruxelles,APARTMENT,APARTMENT,200000,residential_sale,1,,None,No,No,No,,Yes,13,59,,,No,None
Blankenberge,APARTMENT,APARTMENT,595000,residential_sale,3,,None,No,No,No,,No,,,,,No,None
Hamme,HOUSE,HOUSE,250000,residential_sale,2,,None,No,Yes,No,,Yes,,81,,,No,None
La Louviere,HOUSE,HOUSE,130000,residential_sale,2,,None,No,No,No,,No,,,,,No,None
Saint-Josse-ten-Noode,APARTMENT,APARTMENT,245000,residential_sale,3,,None,No,No,Yes,,No,,101,,,No,None
Uccle,APARTMENT,APARTMENT,1950000,residential_sale,3,,None,No,No,Yes,140,No,,227,,,No,None
Oostduinkerke,HOUSE,HOUSE,539000,residential_sale,4,,None,No,No,Yes,,No,,,,,No,None
Charleroi,APARTMENT,APARTMENT,139000,residential_sale,2,,None,No,Yes,Yes,4,No,,60,,,No,None
Oostduinkerke,APARTMENT,APARTMENT,875000,residential_sale,3,,None,No,No,Yes,,No,,144,,,No,None
Evere,APARTMENT,APARTMENT,380000,residential_sale,2,,None,No,No,Yes,25,No,,96,,,No,None
Seraing,HOUSE,HOUSE,174500,residential_sale,3,,None,No,No,Yes,30,Yes,172,115,,,No,None
Knokke-Heist,APARTMENT,APARTMENT,1295000,residential_sale,3,,None,Yes,No,Yes,,No,,104,,,No,None
Mechelen,APARTMENT,APARTMENT,249000,residential_sale,3,,None,No,Yes,No,,No,,110,,,No,None
Ixelles,HOUSE,HOUSE,6500000,residential_sale,10,,None,No,No,Yes,,Yes,880,1687,,,No,None
Bruxelles,APARTMENT,APARTMENT,370000,residential_sale,1,,None,No,No,Yes,8,No,,68,,,No,None
Mechelen,HOUSE,HOUSE,395000,residential_sale,6,,None,No,Yes,No,,No,,,,,No,None
VILLERS-L'EVÊQUE,HOUSE,HOUSE,210000,residential_sale,3,,None,No,Yes,Yes,5,Yes,180,,,,No,None
Uccle,HOUSE,HOUSE,2985000,residential_sale,5,,None,No,No,Yes,,No,,555,,,No,None
Knokke-Heist,APARTMENT,APARTMENT,695000,residential_sale,2,,None,Yes,No,Yes,,No,,56,,,No,None
Uccle,HOUSE,HOUSE,780000,residential_sale,4,25,Yes,No,No,Yes,12,No,,260,125,2,No,GOOD
Havelange,HOUSE,HOUSE,325000,residential_sale,4,23,Yes,No,No,Yes,,No,,190,796,3,No,GOOD
Uccle,APARTMENT,APARTMENT,1245000,residential_sale,3,,None,No,No,Yes,28,No,,163,,,No,None
Kontich,APARTMENT,APARTMENT,366000,residential_sale,2,,None,No,Yes,Yes,,No,,110,,,No,None
Ixelles,APARTMENT,APARTMENT,650000,residential_sale,3,,None,No,Yes,Yes,4,No,,180,,,No,None
Pecq,HOUSE,HOUSE,185000,residential_sale,3,,None,No,No,Yes,,No,,124,,,No,None
Nivelles,HOUSE,HOUSE,345000,residential_sale,5,,None,No,No,Yes,15,Yes,300,170,,,No,None
Olmen,HOUSE,HOUSE,249000,residential_sale,3,,None,No,Yes,No,,Yes,,240,,,No,None
HARZÉ,HOUSE,HOUSE,125000,residential_sale,2,,None,No,Yes,No,,Yes,179,,,,No,None
Wavre,APARTMENT,APARTMENT,365000,residential_sale,2,,None,No,No,Yes,12,No,,101,,,No,None
Uccle,HOUSE,HOUSE,795000,residential_sale,3,25,Yes,No,No,Yes,,Yes,70,186,132,2,No,AS_NEW
Brugge,HOUSE,HOUSE,385000,residential_sale,4,,None,No,No,No,,No,,,,,No,None
Etterbeek,APARTMENT,APARTMENT,279000,residential_sale,2,,None,No,No,Yes,11,No,,79,,,No,None
Westende,APARTMENT,APARTMENT,279000,residential_sale,2,,None,No,No,Yes,,No,,68,,,No,None
Vosselaar,HOUSE,HOUSE,319000,residential_sale,3,37,No,No,No,No,,No,,195,624,4,No,
Mortsel,HOUSE,HOUSE,375000,residential_sale,3,,None,No,Yes,No,,Yes,150,219,,,No,None
Blandain,HOUSE,HOUSE,312000,residential_sale,2,38,No,No,No,Yes,,Yes,900,140,1026,4,No,GOOD
Bruxelles,APARTMENT,APARTMENT,1485000,residential_sale,3,59,Yes,No,No,Yes,26,No,,192,,2,No,AS_NEW
WOLUWE-SAINT-PIERRE,HOUSE,HOUSE,525000,residential_sale,3,27,No,No,Yes,No,,Yes,80,106,206,3,No,JUST_RENOVATED
Brugge,HOUSE,HOUSE,385000,residential_sale,4,,None,No,No,No,,No,,,,,No,None
Bruxelles,APARTMENT,APARTMENT,365000,residential_sale,1,,None,No,No,No,,No,,71,,,No,None
Knokke-Heist,APARTMENT,APARTMENT,325000,residential_sale,2,,None,No,No,Yes,,No,,66,,,No,None
Sint-Truiden,HOUSE,HOUSE,229000,residential_sale,3,23,No,No,No,No,,Yes,,164,257,,No,
Bruxelles,APARTMENT,APARTMENT,1410000,residential_sale,3,86,Yes,No,No,Yes,23,No,,184,,2,No,AS_NEW
Hulshout,HOUSE,HOUSE,170000,residential_sale,3,,None,No,Yes,Yes,,Yes,,143,,,No,None
Kraainem,HOUSE,HOUSE,675000,residential_sale,4,45,No,No,Yes,Yes,10,Yes,115,212,293,3,No,
Nivelles,HOUSE,HOUSE,425000,residential_sale,3,44,Yes,No,No,Yes,32,Yes,40,170,0,2,No,GOOD
Schaerbeek,APARTMENT,APARTMENT,137500,residential_sale,1,,None,No,Yes,No,,No,,30,,,No,None
Kortrijk,HOUSE,HOUSE,425000,residential_sale,4,,None,No,Yes,Yes,33,Yes,653,,,,No,None
Wetteren,APARTMENT,APARTMENT,230000,residential_sale,2,51,No,No,Yes,Yes,,Yes,,110,,2,No,GOOD
Schaerbeek,APARTMENT,APARTMENT,137500,residential_sale,1,,None,No,Yes,Yes,2,No,,28,,,No,None
Wezembeek-Oppem,HOUSE,HOUSE,985000,residential_sale,5,60,Yes,No,Yes,Yes,55,Yes,570,320,1297,4,No,JUST_RENOVATED
Bruxelles,APARTMENT,APARTMENT,1450000,residential_sale,3,86,Yes,No,No,Yes,20,No,,199,,2,No,AS_NEW
Mechelen,HOUSE,HOUSE,845000,residential_sale,5,,None,No,Yes,Yes,,No,,394,,,No,None
Wavre,APARTMENT,APARTMENT,355000,residential_sale,2,,None,No,No,Yes,15,No,,98,,,No,None
Chênée,HOUSE,HOUSE,215000,residential_sale,2,,None,No,No,Yes,19,Yes,133,134,,,No,None
Schaerbeek,APARTMENT,APARTMENT,340000,residential_sale,3,30,No,No,No,No,,No,,104,,2,No,GOOD
Woluwe-Saint-Lambert,APARTMENT,APARTMENT,230000,residential_sale,1,,None,No,No,Yes,2,No,,76,,,No,None
Diepenbeek,HOUSE,HOUSE,295000,residential_sale,3,,None,No,No,Yes,,No,,173,,,No,None
Wezembeek-Oppem,HOUSE,HOUSE,650000,residential_sale,4,,None,No,No,Yes,1,Yes,1,183,,,No,None
Jambes,APARTMENT,APARTMENT,336000,residential_sale,3,28,No,No,No,Yes,11,No,,97,,,No,AS_NEW
Gent,HOUSE,HOUSE,345000,residential_sale,3,,None,No,Yes,No,,No,,119,,,No,None
Blankenberge,APARTMENT,APARTMENT,249000,residential_sale,2,,None,No,No,Yes,,No,,68,,,No,None
SINT-LIEVENS-HOUTEM,APARTMENT,APARTMENT,220000,residential_sale,1,,None,No,Yes,Yes,14,Yes,,80,,,No,None
Seraing,HOUSE,HOUSE,135000,residential_sale,2,28,No,No,No,Yes,17,Yes,40,87,120,2,No,TO_BE_DONE_UP
Antwerp,APARTMENT,APARTMENT,234000,residential_sale,2,,None,No,Yes,Yes,3,No,,92,,,No,None
Knokke-Heist,APARTMENT,APARTMENT,6950000,residential_sale,4,,None,No,No,Yes,,No,,206,,,No,None
Visé,HOUSE,HOUSE,139000,residential_sale,2,26,No,No,No,Yes,7,Yes,70,106,284,2,No,TO_BE_DONE_UP
Deinze,APARTMENT,APARTMENT,625000,residential_sale,3,92,Yes,No,No,Yes,27,No,,246,,4,No,GOOD
Aalst,HOUSE,HOUSE,259000,residential_sale,2,,None,No,No,Yes,,Yes,,100,,,No,None
Liege,APARTMENT,APARTMENT,129000,residential_sale,1,24,No,No,No,No,,No,,59,,2,No,GOOD
Antwerp,APARTMENT,APARTMENT,249000,residential_sale,2,,None,No,Yes,Yes,3,No,,92,,,No,None
Pipaix,HOUSE,HOUSE,330000,residential_sale,6,,None,No,Yes,No,,No,,300,,,No,None
Ronse,APARTMENT,APARTMENT,219000,residential_sale,2,,None,No,Yes,Yes,,No,,125,,,No,None
Brasschaat,HOUSE,HOUSE,249000,residential_sale,2,,None,No,No,No,,Yes,85,72,,,No,None
Ixelles,APARTMENT,APARTMENT,1195000,residential_sale,3,,None,No,No,Yes,9,No,,153,,,No,None
Anderlecht,APARTMENT,APARTMENT,250000,residential_sale,3,,None,No,No,Yes,20,No,,90,,,No,None
Wavre,APARTMENT,APARTMENT,299000,residential_sale,1,,None,No,No,Yes,18,No,,82,,,No,None
Thimister-Clermont,HOUSE,HOUSE,599000,residential_sale,5,,None,No,No,Yes,,Yes,1334,286,,,No,None
Blankenberge,APARTMENT,APARTMENT,125000,residential_sale,1,,None,Yes,No,Yes,3,No,,43,,,No,None
Oupeye,APARTMENT,APARTMENT,219000,residential_sale,3,30,No,No,No,No,,Yes,200,111,,2,No,GOOD
VILLERS-L'ÉVÊQUE,APARTMENT,APARTMENT,189000,residential_sale,1,,None,No,Yes,No,,No,,54,,,No,None
Brasschaat,HOUSE,HOUSE,249000,residential_sale,2,,None,No,No,No,,Yes,85,72,,,No,None
Oud-Heverlee,HOUSE,HOUSE,495000,residential_sale,4,44,No,No,No,Yes,,Yes,647,165,647,4,No,GOOD
Leuven,APARTMENT,APARTMENT,245000,residential_sale,1,,None,No,No,Yes,10,No,,59,,,No,None
Seraing,HOUSE,HOUSE,125000,residential_sale,2,18,No,No,No,No,,No,,61,50,2,No,GOOD
Wavre,APARTMENT,APARTMENT,299000,residential_sale,1,,None,No,No,Yes,19,No,,82,,,No,None
Gavere,HOUSE,HOUSE,895000,residential_sale,6,40,No,No,Yes,Yes,30,Yes,,350,626,4,Yes,AS_NEW
Tubize,APARTMENT,APARTMENT,179000,residential_sale,1,,None,No,No,Yes,4,No,,61,,,No,None
Halanzy,HOUSE,HOUSE,235000,residential_sale,3,30,No,No,Yes,No,,Yes,,135,580,4,No,TO_RENOVATE
Oupeye,HOUSE,HOUSE,219000,residential_sale,4,35,No,No,No,Yes,72,No,,185,205,3,No,GOOD
Woluwe-Saint-Pierre,APARTMENT,APARTMENT,650000,residential_sale,2,,None,No,No,Yes,4,No,,114,,,No,None
Liège,APARTMENT,APARTMENT,105000,residential_sale,1,,None,No,Yes,No,,No,,37,,,No,None
Jette,HOUSE,HOUSE,469000,residential_sale,4,15,No,No,No,No,,Yes,42,171,112,2,No,GOOD
Ixelles,APARTMENT,APARTMENT,850000,residential_sale,7,,None,No,Yes,No,,Yes,,350,,,No,None
Gent,APARTMENT,APARTMENT,440000,residential_sale,3,,None,No,Yes,Yes,11,No,,111,,,No,None
Waterloo,APARTMENT,APARTMENT,297000,residential_sale,1,,None,No,No,Yes,7,No,,58,,,No,None
Waterloo,HOUSE,HOUSE,735000,residential_sale,3,33,No,No,No,Yes,12,Yes,1200,170,1200,4,No,GOOD
Ronse,APARTMENT,APARTMENT,159000,residential_sale,2,27,No,No,No,Yes,12,No,,84,,2,No,GOOD
Uccle,APARTMENT,APARTMENT,380000,residential_sale,2,,None,No,No,Yes,43,No,,87,,,No,None
Jette,APARTMENT,APARTMENT,345000,residential_sale,2,,None,No,No,No,,No,,100,,,No,None
Anderlecht,APARTMENT,APARTMENT,249000,residential_sale,3,,None,No,No,Yes,7,No,,105,,,No,None
Ixelles,APARTMENT,APARTMENT,636000,residential_sale,2,,None,No,No,Yes,7,No,,99,,,No,None
Steenokkerzeel,HOUSE,HOUSE,435000,residential_sale,3,32,No,No,Yes,Yes,30,Yes,115,194,350,3,No,JUST_RENOVATED
Dison,APARTMENT,APARTMENT,99000,residential_sale,2,32,No,No,No,Yes,32,No,,94,,4,No,GOOD
Gavere,HOUSE,HOUSE,358500,residential_sale,3,23,Yes,No,No,Yes,12,Yes,44,152,208,3,No,AS_NEW
Dison,APARTMENT,APARTMENT,99000,residential_sale,2,34,No,No,No,Yes,,No,,94,,4,No,GOOD
Beveren Melsele,HOUSE,HOUSE,349000,residential_sale,3,34,No,No,No,Yes,25,Yes,350,154,622,4,No,GOOD
Arlon,APARTMENT,APARTMENT,320000,residential_sale,2,,None,No,Yes,No,,Yes,,99,,,No,None
Ans,APARTMENT,APARTMENT,99000,residential_sale,1,25,No,No,No,Yes,4,No,,56,,2,No,GOOD
Saint-Ghislain,APARTMENT,APARTMENT,240000,residential_sale,2,,None,No,No,Yes,30,No,,97,,,No,None
Waterloo,APARTMENT,APARTMENT,605000,residential_sale,3,,None,No,No,Yes,15,No,,135,,,No,None
Gavere,HOUSE,HOUSE,352500,residential_sale,3,23,Yes,No,No,Yes,12,Yes,35,144,191,3,No,AS_NEW
Menen,HOUSE,HOUSE,365000,residential_sale,5,19,No,No,No,Yes,35,Yes,700,250,970,4,No,GOOD
TISSELT,APARTMENT,APARTMENT,369000,residential_sale,2,,None,No,Yes,Yes,10,No,,100,,,No,None
Uccle,APARTMENT,APARTMENT,285000,residential_sale,1,,None,No,No,Yes,13,No,,68,,,No,None
Bruxelles,APARTMENT,APARTMENT,600000,residential_sale,3,,None,No,No,Yes,7,No,,117,,,No,None
Huy,HOUSE,HOUSE,89500,residential_sale,3,11,No,No,Yes,No,,No,,120,55,2,No,TO_RENOVATE
Hoboken,APARTMENT,APARTMENT,239000,residential_sale,3,,None,No,Yes,Yes,26,No,,100,,,No,None
Arlon,HOUSE,HOUSE,350000,residential_sale,5,,None,No,No,Yes,9,Yes,291,234,,,No,None
Wichelen,HOUSE,HOUSE,349000,residential_sale,2,45,Yes,No,No,Yes,90,Yes,90,150,240,3,No,AS_NEW
Etterbeek,APARTMENT,APARTMENT,209000,residential_sale,1,,None,No,No,No,,No,,48,,,No,None
Berchem,APARTMENT,APARTMENT,269000,residential_sale,2,,None,No,Yes,Yes,8,No,,100,,,No,None
Auderghem,APARTMENT,APARTMENT,511500,residential_sale,2,,None,No,No,Yes,25,No,,102,,,No,None
Uccle,APARTMENT,APARTMENT,595000,residential_sale,3,,None,No,No,Yes,7,No,,127,,,No,None
Seraing Ougrée,HOUSE,HOUSE,70000,residential_sale,2,15,No,No,No,No,,Yes,220,75,302,3,No,TO_RENOVATE
Halle,HOUSE,HOUSE,299000,residential_sale,3,,None,No,Yes,Yes,,No,,160,,,No,None
Braine-l'Alleud,APARTMENT,APARTMENT,239000,residential_sale,3,38,No,No,No,Yes,2,No,,115,,2,No,TO_RENOVATE
Ixelles,HOUSE,HOUSE,899000,residential_sale,4,30,No,No,No,No,,Yes,80,282,163,2,No,TO_BE_DONE_UP
Charleroi,HOUSE,HOUSE,135000,residential_sale,3,16,No,No,No,Yes,,No,,103,80,2,No,GOOD
Woluwe-Saint-Lambert,APARTMENT,APARTMENT,545000,residential_sale,2,,None,No,No,Yes,12,No,,120,,,No,None
Antwerpen,APARTMENT,APARTMENT,259500,residential_sale,3,,None,No,No,Yes,8,No,,97,,,No,None
Boom,APARTMENT,APARTMENT,229000,residential_sale,2,,None,No,Yes,Yes,3,No,,82,,,No,None
Beveren,APARTMENT,APARTMENT,340000,residential_sale,3,45,Yes,No,No,Yes,8,No,,132,,2,No,AS_NEW
Halle,HOUSE,HOUSE,845000,residential_sale,4,30,No,No,Yes,Yes,,Yes,550,253,1170,3,No,JUST_RENOVATED
JEHAY,HOUSE,HOUSE,295000,residential_sale,2,32,Yes,No,Yes,Yes,100,Yes,1700,130,2041,4,No,AS_NEW
Gent,APARTMENT,APARTMENT,545000,residential_sale,4,68,No,No,No,No,,No,,182,,2,No,GOOD
Liege,APARTMENT,APARTMENT,209000,residential_sale,2,31,No,No,No,Yes,29,No,,97,,3,No,GOOD
Woluwe-Saint-Lambert,APARTMENT,APARTMENT,540000,residential_sale,3,,None,No,No,Yes,9,No,,120,,,No,None
Ronse,HOUSE,HOUSE,1150000,residential_sale,12,,None,No,Yes,Yes,,No,,750,,,No,None
Vilvoorde,APARTMENT,APARTMENT,565000,residential_sale,3,,None,No,Yes,Yes,38,No,,230,,,No,None
Saint-Ghislain,APARTMENT,APARTMENT,215000,residential_sale,2,,None,No,No,Yes,4,No,,89,,,No,None
Woluwe-Saint-Lambert,APARTMENT,APARTMENT,449000,residential_sale,3,,None,No,No,No,,No,,140,,,No,None
Oupeye,HOUSE,HOUSE,339000,residential_sale,3,28,Yes,No,No,Yes,68,Yes,140,167,347,3,No,AS_NEW
Deinze,APARTMENT,APARTMENT,415000,residential_sale,2,24,Yes,No,No,Yes,29,No,,82,,2,No,AS_NEW
Rixensart,HOUSE,HOUSE,975000,residential_sale,5,27,No,No,No,Yes,,No,,300,1228,4,Yes,JUST_RENOVATED
CLAVIER-STATION,HOUSE,HOUSE,299000,residential_sale,4,20,No,No,Yes,Yes,60,Yes,547,262,739,4,No,GOOD
Ganshoren,APARTMENT,APARTMENT,169000,residential_sale,1,,None,No,No,Yes,2,No,,57,,,No,None
Schaerbeek,APARTMENT,APARTMENT,540000,residential_sale,2,,None,No,No,No,,No,,142,,,No,None
Deinze,APARTMENT,APARTMENT,370000,residential_sale,2,24,Yes,No,No,Yes,15,No,,96,,2,No,AS_NEW
Gooik,HOUSE,HOUSE,399000,residential_sale,3,32,No,No,Yes,Yes,24,No,,180,1150,4,No,TO_BE_DONE_UP
Saint-Gilles,APARTMENT,APARTMENT,730000,residential_sale,4,,None,No,No,Yes,,No,,212,,,No,None
Ninove,HOUSE,HOUSE,177500,residential_sale,2,32,No,No,No,Yes,,No,,114,174,2,No,GOOD
Bruxelles,APARTMENT,APARTMENT,540000,residential_sale,3,,None,No,No,Yes,15,No,,132,,,No,None
Hemiksem,APARTMENT,APARTMENT,269000,residential_sale,3,,None,No,Yes,Yes,4,No,,108,,,No,None
Bekkevoort,HOUSE,HOUSE,615000,residential_sale,6,,None,No,Yes,No,,Yes,,260,,,No,None
Evere,APARTMENT,APARTMENT,395000,residential_sale,2,,None,No,No,Yes,7,No,,99,,,No,None
Mechelen,APARTMENT,APARTMENT,168000,residential_sale,2,,None,No,Yes,Yes,,No,,72,,,No,None
Deinze,APARTMENT,APARTMENT,325000,residential_sale,2,30,Yes,No,No,Yes,16,No,,95,,2,No,AS_NEW
Waterloo,APARTMENT,APARTMENT,530000,residential_sale,2,,None,No,No,Yes,15,No,,117,,,No,None
Ixelles,APARTMENT,APARTMENT,730000,residential_sale,4,,None,No,No,Yes,,No,,212,,,No,None
VOSSELARE,HOUSE,HOUSE,265000,residential_sale,3,20,No,No,Yes,No,,Yes,650,145,736,4,No,TO_RESTORE
Zulte,APARTMENT,APARTMENT,419990,residential_sale,3,16,No,No,No,Yes,29,Yes,,132,,,No,AS_NEW
Beersel,HOUSE,HOUSE,695000,residential_sale,5,48,No,No,Yes,No,,No,,253,1375,4,No,TO_BE_DONE_UP
Genappe,APARTMENT,APARTMENT,150000,residential_sale,2,25,No,No,No,No,,No,,73,,3,No,TO_BE_DONE_UP
Deinze,APARTMENT,APARTMENT,245000,residential_sale,1,24,Yes,No,No,Yes,10,No,,61,,2,No,AS_NEW
Ixelles,APARTMENT,APARTMENT,580000,residential_sale,3,,None,No,No,Yes,2,No,,144,,,No,None
Herent,APARTMENT,APARTMENT,355000,residential_sale,3,,None,No,Yes,Yes,,No,,124,,,No,None
Bruxelles,APARTMENT,APARTMENT,525000,residential_sale,3,,None,No,No,Yes,15,No,,132,,,No,None
Bruxelles,HOUSE,HOUSE,250000,residential_sale,4,,None,No,No,No,,No,,75,,,No,None
Anderlecht,HOUSE,HOUSE,510000,residential_sale,3,27,No,Yes,No,Yes,15,Yes,75,235,238,3,No,AS_NEW
WOLUWE-SAINT-LAMBERT,APARTMENT,APARTMENT,395000,residential_sale,3,,None,No,Yes,Yes,42,No,,123,,,No,None
Koksijde,HOUSE,HOUSE,750000,residential_sale,5,17,Yes,Yes,Yes,Yes,30,Yes,60,170,266,3,No,AS_NEW
Deinze,APARTMENT,APARTMENT,419990,residential_sale,3,16,No,No,No,Yes,29,Yes,,132,,,No,AS_NEW
Herent,APARTMENT,APARTMENT,350000,residential_sale,2,,None,No,Yes,Yes,12,No,,115,,,No,None
Gent,APARTMENT,APARTMENT,370000,residential_sale,2,33,No,No,No,Yes,10,Yes,,81,,,No,AS_NEW
Ixelles,HOUSE,HOUSE,497000,residential_sale,4,14,No,No,No,Yes,4,Yes,49,185,185,2,No,TO_RENOVATE
Bruxelles,APARTMENT,APARTMENT,515000,residential_sale,3,,None,No,No,Yes,15,No,,132,,,No,None
Schaerbeek,APARTMENT,APARTMENT,335000,residential_sale,3,,None,No,Yes,Yes,,No,,100,,,No,None
Saint-Gilles,APARTMENT,APARTMENT,350000,residential_sale,2,,None,No,No,No,,No,,91,,,No,None
Kruisem,APARTMENT,APARTMENT,419990,residential_sale,3,16,No,No,No,Yes,29,Yes,,132,,,No,AS_NEW
Rixensart,HOUSE,HOUSE,425000,residential_sale,3,32,No,No,No,Yes,15,Yes,333,173,428,3,No,TO_RENOVATE
Uccle,APARTMENT,APARTMENT,485000,residential_sale,2,,None,No,No,Yes,17,No,,108,,,No,None
Woluwe-Saint-Lambert,APARTMENT,APARTMENT,285000,residential_sale,3,,None,No,No,Yes,22,No,,98,,,No,None
Kruisem,APARTMENT,APARTMENT,419990,residential_sale,3,16,No,No,No,Yes,29,Yes,,132,,,No,AS_NEW
Kraainem,HOUSE,HOUSE,1250000,residential_sale,5,40,No,No,Yes,Yes,11,Yes,800,264,1375,4,No,GOOD
Anderlecht,HOUSE,HOUSE,425000,residential_sale,3,30,Yes,No,No,No,,Yes,70,180,154,3,No,GOOD
Gooik,HOUSE,HOUSE,449000,residential_sale,3,,None,No,Yes,Yes,,No,,185,,,No,None
Dilbeek,APARTMENT,APARTMENT,270000,residential_sale,2,,None,No,No,Yes,5,No,,105,,,No,None
Villers-la-Ville,HOUSE,HOUSE,325000,residential_sale,3,,None,No,No,Yes,8,No,,125,,,No,None
Londerzeel,HOUSE,HOUSE,425000,residential_sale,3,19,No,No,Yes,Yes,195,Yes,450,190,814,4,No,GOOD
Uccle,APARTMENT,APARTMENT,470000,residential_sale,3,,None,No,No,Yes,7,No,,115,,,No,None
Kraainem,HOUSE,HOUSE,1250000,residential_sale,5,40,No,No,No,Yes,15,Yes,800,264,1375,4,No,GOOD
Berchem,APARTMENT,APARTMENT,249000,residential_sale,3,,None,No,Yes,Yes,6,No,,110,,,No,None
VILLERS-L'ÉVÊQUE,APARTMENT,APARTMENT,239500,residential_sale,2,,None,No,Yes,Yes,5,No,,128,,,No,None
Gooik,HOUSE,HOUSE,349000,residential_sale,1,,None,No,Yes,Yes,,No,,150,,,No,None
Evere,APARTMENT,APARTMENT,299000,residential_sale,3,,None,No,No,Yes,15,No,,94,,,No,None
Gooik,HOUSE,HOUSE,695000,residential_sale,4,,None,No,Yes,Yes,,No,,240,,,No,None
Gooik,HOUSE,HOUSE,459000,residential_sale,3,21,No,No,Yes,Yes,20,Yes,,322,861,4,No,GOOD
Deinze,APARTMENT,APARTMENT,250000,residential_sale,1,12,Yes,No,No,Yes,10,Yes,,63,,4,No,AS_NEW
Seraing,HOUSE,HOUSE,244000,residential_sale,4,25,No,No,No,Yes,108,Yes,28,125,229,2,No,GOOD
Willebroek,APARTMENT,APARTMENT,225000,residential_sale,3,43,No,No,Yes,Yes,8,No,,105,,2,No,TO_RENOVATE
Gembloux,HOUSE,HOUSE,275000,residential_sale,4,27,No,No,Yes,No,,Yes,673,161,875,2,No,GOOD
Wavre,APARTMENT,APARTMENT,415000,residential_sale,2,,None,No,No,Yes,17,No,,116,,,No,None
Anderlecht,HOUSE,HOUSE,345000,residential_sale,3,12,Yes,No,No,Yes,8,No,,157,70,2,No,GOOD
Nossegem,HOUSE,HOUSE,715000,residential_sale,5,60,Yes,No,Yes,Yes,50,Yes,989,310,1200,2,No,AS_NEW
JEMEPPE,HOUSE,HOUSE,239500,residential_sale,3,28,No,No,Yes,No,,Yes,,143,493,3,No,GOOD
Ixelles,APARTMENT,APARTMENT,415000,residential_sale,1,,None,No,No,Yes,6,No,,65,,,No,None
Seraing,HOUSE,HOUSE,240000,residential_sale,3,33,No,No,Yes,No,,Yes,55,180,150,3,No,TO_BE_DONE_UP
Willebroek,APARTMENT,APARTMENT,225000,residential_sale,3,43,No,No,Yes,Yes,8,No,,105,,2,No,TO_RENOVATE
Ixelles,APARTMENT,APARTMENT,990000,residential_sale,3,,None,No,No,Yes,18,No,,175,,,No,None
Evere,APARTMENT,APARTMENT,409000,residential_sale,2,,None,No,No,Yes,44,No,,97,,,No,None
Jumet,HOUSE,HOUSE,210000,residential_sale,2,20,Yes,No,No,No,,Yes,60,100,265,1,No,JUST_RENOVATED
Ronse,HOUSE,HOUSE,179000,residential_sale,3,,None,No,No,Yes,,Yes,,152,,,No,None
Gent,HOUSE,HOUSE,354000,residential_sale,3,30,No,No,Yes,No,,Yes,,163,330,3,No,TO_RENOVATE
De Panne,APARTMENT,APARTMENT,125000,residential_sale,1,,None,Yes,No,Yes,,Yes,8,45,,,No,None
Nazareth,APARTMENT,APARTMENT,249000,residential_sale,2,,None,No,No,Yes,,Yes,,95,,,No,None
Beersel,HOUSE,HOUSE,325000,residential_sale,3,45,No,No,Yes,Yes,,No,,144,190,2,No,TO_BE_DONE_UP
Hasselt,HOUSE,HOUSE,419900,residential_sale,3,,None,No,No,Yes,,Yes,,172,,,No,None
Dilsen-Stokkem,HOUSE,HOUSE,249000,residential_sale,4,,None,No,No,No,,No,,,,,No,None
De Panne,APARTMENT,APARTMENT,369000,residential_sale,3,,None,Yes,No,Yes,,No,,,,,No,None
Hulshout,HOUSE,HOUSE,485000,residential_sale,4,,None,No,Yes,Yes,,Yes,,155,,,No,None
Lille Poederlee,HOUSE,HOUSE,444000,residential_sale,4,32,No,No,No,Yes,,No,,233,868,3,No,TO_RENOVATE
Heist-op-den-Berg,HOUSE,HOUSE,279000,residential_sale,2,,None,No,Yes,Yes,,Yes,,143,,,No,None
Putte,HOUSE,HOUSE,349000,residential_sale,4,,None,No,No,No,,No,,247,,,No,None
Lille Poederlee,HOUSE,HOUSE,275000,residential_sale,4,32,No,No,No,No,,No,,233,418,3,No,TO_RENOVATE
Ronse,HOUSE,HOUSE,175000,residential_sale,4,16,No,No,No,Yes,20,Yes,100,194,200,2,No,TO_BE_DONE_UP
Duinbergen,APARTMENT,APARTMENT,575000,residential_sale,3,,None,Yes,No,No,,No,,110,,,No,None
Oostakker,HOUSE,HOUSE,340000,residential_sale,3,,None,No,No,No,,Yes,,,,,No,None
FLÉMALLE,HOUSE,HOUSE,299000,residential_sale,3,41,No,No,Yes,Yes,10,Yes,1290,230,1618,4,No,GOOD
Awans,APARTMENT,APARTMENT,220000,residential_sale,2,,None,No,Yes,No,,No,,88,,,No,None
Kermt,HOUSE,HOUSE,199000,residential_sale,3,15,No,No,No,Yes,19,Yes,,134,438,,No,TO_RENOVATE
SINT-PIETERS-LEEUW,APARTMENT,APARTMENT,350000,residential_sale,3,,None,No,No,Yes,20,No,,110,,,No,None
Grace-Hollogne,APARTMENT,APARTMENT,194900,residential_sale,2,,None,No,No,Yes,3,Yes,400,80,,,No,None
Knokke,APARTMENT,APARTMENT,729000,residential_sale,3,,None,No,No,No,,Yes,,90,,,No,None
Anderlecht,APARTMENT,APARTMENT,225000,residential_sale,2,,None,No,No,Yes,8,No,,85,,,No,None
Ixelles,APARTMENT,APARTMENT,120000,residential_sale,1,,None,No,No,No,,No,,25,,,No,None
Zingem,HOUSE,HOUSE,459000,residential_sale,3,,None,No,No,Yes,,Yes,,,,,No,None
Liège Wandre,HOUSE,HOUSE,59000,residential_sale,4,29,No,No,No,No,,No,,144,80,2,No,TO_RENOVATE
Schaerbeek,HOUSE,HOUSE,895000,residential_sale,5,33,Yes,No,No,Yes,1,Yes,50,310,124,2,No,AS_NEW
Liege,HOUSE,HOUSE,750000,residential_sale,5,,None,No,No,Yes,,No,,279,,,No,None
Bruxelles,APARTMENT,APARTMENT,340000,residential_sale,2,,None,No,No,Yes,6,No,,105,,,No,None
Ixelles,APARTMENT,APARTMENT,1537000,residential_sale,2,,None,No,No,Yes,91,No,,160,,,No,None
Ottignies-louvain-la-neuve,HOUSE,HOUSE,475000,residential_sale,3,18,No,No,No,Yes,32,Yes,195,123,253,2,No,GOOD
Uccle,APARTMENT,APARTMENT,1450000,residential_sale,4,50,Yes,No,Yes,Yes,55,No,,225,,3,No,GOOD
Ixelles,APARTMENT,APARTMENT,1839000,residential_sale,3,,None,No,No,Yes,76,No,,203,,,No,None
Ixelles,APARTMENT,APARTMENT,1450000,residential_sale,4,50,Yes,No,Yes,Yes,55,No,,225,,4,No,GOOD
Bruxelles,APARTMENT,APARTMENT,495000,residential_sale,3,,None,No,No,Yes,3,No,,120,,,No,None
Knokke,APARTMENT,APARTMENT,795000,residential_sale,2,,None,Yes,No,Yes,,Yes,,85,,,No,None
Bruxelles ville,APARTMENT,APARTMENT,675000,residential_sale,1,,None,No,No,Yes,9,No,,98,,,No,None
Jodoigne,HOUSE,HOUSE,639000,residential_sale,4,31,Yes,No,No,Yes,50,Yes,2200,272,3370,4,Yes,AS_NEW
Donceel,HOUSE,HOUSE,425000,residential_sale,4,40,No,No,No,Yes,120,Yes,850,330,1570,4,No,GOOD
Izegem,HOUSE,HOUSE,145000,residential_sale,2,,None,No,No,Yes,,No,,,,,No,None
Gavere,APARTMENT,APARTMENT,405000,residential_sale,2,23,Yes,No,No,Yes,11,No,,165,,4,No,AS_NEW
Gavere,APARTMENT,APARTMENT,361000,residential_sale,2,29,Yes,No,No,Yes,11,No,,126,,4,No,AS_NEW
Gavere,APARTMENT,APARTMENT,366000,residential_sale,3,29,Yes,No,No,Yes,11,No,,126,,4,No,AS_NEW
Rumbeke,HOUSE,HOUSE,415000,residential_sale,4,,None,No,No,Yes,,Yes,,277,,,No,None
Nieuwpoort,APARTMENT,APARTMENT,245000,residential_sale,2,,None,No,No,Yes,,No,,50,,,No,None
Beveren-Leie,HOUSE,HOUSE,290000,residential_sale,3,,None,No,No,No,,Yes,,320,,,No,None
Opwijk,HOUSE,HOUSE,548500,residential_sale,3,100,Yes,No,Yes,Yes,55,Yes,350,261,605,2,No,JUST_RENOVATED
Antwerp,HOUSE,HOUSE,595000,residential_sale,4,,None,No,No,No,,No,,,,,No,None
Houthalen-Helchteren,APARTMENT,APARTMENT,315000,residential_sale,2,,None,No,No,No,,No,,124,,,No,None
Silenrieux,HOUSE,HOUSE,450000,residential_sale,8,22,No,No,No,Yes,10,No,,490,1075,3,No,
Oostende,HOUSE,HOUSE,239900,residential_sale,3,,None,No,No,Yes,,No,,185,,,No,None
Liège 2,HOUSE,HOUSE,299000,residential_sale,5,,None,No,No,Yes,30,Yes,150,218,,,No,None
Boutersem,HOUSE,HOUSE,1695000,residential_sale,3,48,Yes,No,No,Yes,,No,,396,2418,4,Yes,AS_NEW
Butgenbach,HOUSE,HOUSE,335000,residential_sale,5,29,No,No,No,Yes,,Yes,700,189,822,4,No,GOOD
Keerbergen,HOUSE,HOUSE,297000,residential_sale,0,,None,No,No,No,,No,,154,,,No,None
Pepinster Wegnez,HOUSE,HOUSE,174000,residential_sale,5,,None,No,No,Yes,35,Yes,250,200,,,No,None
Deinze,HOUSE,HOUSE,349000,residential_sale,3,,None,No,Yes,No,,Yes,,119,,,No,None
Beersel,HOUSE,HOUSE,340000,residential_sale,6,,None,No,No,No,,No,,230,,,No,None
Lier,HOUSE,HOUSE,338000,residential_sale,3,,None,No,Yes,No,,Yes,,130,,,No,None
Soignies,HOUSE,HOUSE,210000,residential_sale,4,14,No,No,No,Yes,12,Yes,120,168,195,2,No,AS_NEW
Seraing,HOUSE,HOUSE,199000,residential_sale,6,35,No,No,No,Yes,33,No,,180,85,3,No,TO_RENOVATE
La Louviere,HOUSE,HOUSE,105000,residential_sale,2,,None,No,No,No,,No,,,,,No,None
Knokke-Heist,APARTMENT,APARTMENT,399000,residential_sale,1,,None,Yes,No,Yes,,Yes,,60,,,No,None
Jette,APARTMENT,APARTMENT,195000,residential_sale,1,,None,No,No,Yes,2,No,,75,,,No,None
Verviers,HOUSE,HOUSE,239000,residential_sale,5,,None,No,No,No,,No,,183,,,No,None
Lebbeke,HOUSE,HOUSE,790000,residential_sale,6,,None,No,No,No,,Yes,,,,,No,None
Jette,APARTMENT,APARTMENT,210000,residential_sale,1,,None,No,No,Yes,19,No,,75,,,No,None
Nijlen,HOUSE,HOUSE,369000,residential_sale,3,,None,No,No,No,,No,,180,,,No,None
Beersel,HOUSE,HOUSE,385000,residential_sale,3,,None,No,No,Yes,,No,,290,,,No,None
Saint-Gilles,HOUSE,HOUSE,560000,residential_sale,6,20,Yes,No,No,Yes,,No,,300,0,2,No,TO_BE_DONE_UP
Uccle,APARTMENT,APARTMENT,260000,residential_sale,2,,None,No,No,Yes,16,No,,80,,,No,None
Piétrain,HOUSE,HOUSE,400000,residential_sale,5,,None,No,No,Yes,50,Yes,,190,,,No,None
Knokke-Heist,APARTMENT,APARTMENT,460000,residential_sale,2,25,Yes,No,No,Yes,3,No,,72,,2,No,TO_BE_DONE_UP
Boncelles,HOUSE,HOUSE,359900,residential_sale,4,25,Yes,No,No,Yes,85,Yes,300,200,622,3,Yes,GOOD
Nazareth,APARTMENT,APARTMENT,366000,residential_sale,2,25,Yes,No,No,Yes,13,No,,82,,2,No,AS_NEW
Ixelles,APARTMENT,APARTMENT,485000,residential_sale,2,,None,No,No,No,,No,,98,,,No,None
Seraing,HOUSE,HOUSE,385000,residential_sale,3,13,Yes,No,No,Yes,98,Yes,320,120,560,3,Yes,GOOD
Jumet,HOUSE,HOUSE,99000,residential_sale,3,20,No,No,No,Yes,,No,,132,0,,No,TO_BE_DONE_UP
Bissegem,HOUSE,HOUSE,279500,residential_sale,3,,None,No,No,No,,Yes,,,,,No,None
Oostende,APARTMENT,APARTMENT,239000,residential_sale,2,,None,Yes,Yes,Yes,,No,,72,,,No,None
Jette,APARTMENT,APARTMENT,210000,residential_sale,1,,None,No,No,No,,No,,86,,,No,None
Braine-l'Alleud,HOUSE,HOUSE,160000,residential_sale,2,,None,No,No,No,,Yes,302,120,,,No,None
Turnhout,HOUSE,HOUSE,219000,residential_sale,2,,None,No,Yes,Yes,,No,,178,,,No,None
Leval-trahegnies,HOUSE,HOUSE,135000,residential_sale,2,27,No,No,No,No,,No,,111,0,3,No,TO_RENOVATE
Turnhout,HOUSE,HOUSE,269000,residential_sale,3,,None,No,Yes,No,,Yes,,118,,,No,None
Alsemberg (Beersel),HOUSE,HOUSE,460000,residential_sale,4,,None,No,No,No,,No,,185,,,No,None
Lommel,HOUSE,HOUSE,235000,residential_sale,3,,None,No,No,No,,No,,91,,,No,None
Antwerp,APARTMENT,APARTMENT,310000,residential_sale,1,,None,No,No,No,,No,,90,,,No,None
Etterbeek,APARTMENT,APARTMENT,370000,residential_sale,2,,None,No,Yes,No,,No,,100,,,No,None
Aalter,APARTMENT,APARTMENT,249000,residential_sale,2,,None,No,No,No,,No,,88,,,No,None
Antwerp,APARTMENT,APARTMENT,239000,residential_sale,2,,None,No,No,Yes,,No,,100,,,No,None
Laarne,APARTMENT,APARTMENT,415000,residential_sale,2,,None,No,Yes,Yes,,Yes,,96,,,No,None
Marchienne-au-Pont,HOUSE,HOUSE,99000,residential_sale,2,16,No,No,No,No,,No,,100,0,3,No,TO_RENOVATE
Ninove,HOUSE,HOUSE,195000,residential_sale,3,,None,No,No,No,,Yes,75,143,,,No,None
Etterbeek,APARTMENT,APARTMENT,845000,residential_sale,2,,None,No,Yes,Yes,3,No,,186,,,No,None
Marchienne-au-Pont,HOUSE,HOUSE,79000,residential_sale,2,40,No,No,No,No,,No,,140,0,4,No,TO_BE_DONE_UP
Antwerp,HOUSE,HOUSE,419000,residential_sale,3,,None,No,No,Yes,,Yes,12,143,,,No,None
Gent,APARTMENT,APARTMENT,675000,residential_sale,2,,None,No,No,Yes,21,No,,,,,No,None
Roeselare,APARTMENT,APARTMENT,248000,residential_sale,2,,None,No,No,Yes,,Yes,,130,,,No,None
Momignies,HOUSE,HOUSE,190000,residential_sale,3,45,No,No,No,Yes,20,No,,180,0,4,No,
Schaerbeek,APARTMENT,APARTMENT,210000,residential_sale,1,,None,No,No,No,,No,,50,,,No,None
Strombeek-Bever,APARTMENT,APARTMENT,229000,residential_sale,1,,None,No,Yes,Yes,18,Yes,80,63,,,No,None
Alsemberg,HOUSE,HOUSE,849000,residential_sale,5,,None,No,Yes,No,,No,,374,,,No,None
Oudenaarde,HOUSE,HOUSE,365000,residential_sale,3,32,Yes,No,No,Yes,35,Yes,39,168,202,2,No,GOOD
Lasne Maransart,HOUSE,HOUSE,395000,residential_sale,4,17,No,No,No,Yes,35,No,,185,100,3,No,
NIEUWKERKEN-WAAS,HOUSE,HOUSE,290000,residential_sale,3,,None,No,Yes,No,,No,,,,,No,None
Stekene,HOUSE,HOUSE,525000,residential_sale,2,53,No,No,Yes,No,,No,,275,2250,4,No,TO_BE_DONE_UP
Courcelles,HOUSE,HOUSE,99000,residential_sale,3,,None,No,No,Yes,,Yes,150,123,,,No,None
Habay,HOUSE,HOUSE,850000,residential_sale,5,,None,No,Yes,No,,Yes,,347,,,No,None
Moorslede,HOUSE,HOUSE,299000,residential_sale,5,,None,No,No,Yes,,Yes,,248,,,No,None
Forges,HOUSE,HOUSE,70000,residential_sale,1,26,No,No,No,Yes,,No,,50,390,4,No,
Pont-a-Celles,HOUSE,HOUSE,160000,residential_sale,2,22,No,No,No,Yes,18,Yes,110,130,250,2,No,GOOD
Etterbeek,APARTMENT,APARTMENT,495000,residential_sale,3,,None,No,Yes,Yes,6,No,,135,,,No,None
Schaerbeek,HOUSE,HOUSE,850000,residential_sale,5,,None,No,No,Yes,,Yes,100,300,,,No,None
Gent,APARTMENT,APARTMENT,295000,residential_sale,2,,None,No,No,No,,No,,106,,,No,None
Gent,HOUSE,HOUSE,400000,residential_sale,5,,None,No,No,No,,Yes,,140,,,No,None
Willebroek,HOUSE,HOUSE,389000,residential_sale,3,,None,No,No,Yes,27,Yes,362,227,,,No,None
Brussels City,APARTMENT,APARTMENT,200000,residential_sale,2,,None,No,No,Yes,4,No,,73,,,No,None
HOEVENEN,APARTMENT,APARTMENT,228000,residential_sale,2,32,No,No,Yes,Yes,12,No,,89,,2,No,AS_NEW
Tournai Havinnes,HOUSE,HOUSE,292000,residential_sale,3,,None,No,No,Yes,,No,,146,,,No,None
Kortrijk,HOUSE,HOUSE,385000,residential_sale,2,,None,No,Yes,No,,No,,150,,,No,None
Kortrijk,APARTMENT,APARTMENT,325000,residential_sale,3,,None,No,No,Yes,15,No,,180,,,No,None
Tournai Havinnes,HOUSE,HOUSE,282000,residential_sale,3,,None,No,No,Yes,,Yes,274,158,,,No,None
Brussels City,HOUSE,HOUSE,749000,residential_sale,7,32,No,No,Yes,Yes,9,Yes,30,250,111,2,No,TO_BE_DONE_UP
Brugge,HOUSE,HOUSE,297000,residential_sale,3,,None,No,No,Yes,,No,,110,,,No,None
Antwerp,APARTMENT,APARTMENT,210000,residential_sale,2,,None,No,Yes,Yes,7,No,,100,,,No,None
Tournai,APARTMENT,APARTMENT,105000,residential_sale,1,,None,No,No,No,,No,,45,,,No,None
Knokke,HOUSE,HOUSE,1090000,residential_sale,3,,None,Yes,No,Yes,,Yes,150,204,,,No,None
Dilsen-Stokkem,HOUSE,HOUSE,465000,residential_sale,3,52,No,No,No,Yes,,No,,175,3981,4,No,
Strombeek-Bever,APARTMENT,APARTMENT,192000,residential_sale,1,,None,No,No,Yes,6,No,,65,,,No,None
Berloz,HOUSE,HOUSE,315000,residential_sale,4,,None,No,No,Yes,22,Yes,158,161,,,No,None
JEMEPPE,HOUSE,HOUSE,239500,residential_sale,3,28,No,No,Yes,No,,Yes,,143,493,3,No,GOOD
Gent,HOUSE,HOUSE,219000,residential_sale,4,,None,No,No,No,,Yes,,130,,,No,None
Zedelgem,APARTMENT,APARTMENT,363086,residential_sale,2,,None,No,No,Yes,24,No,,104,,,No,None
Brasschaat,APARTMENT,APARTMENT,249000,residential_sale,2,,None,No,Yes,Yes,6,No,,90,,,No,None
Kortrijk,HOUSE,HOUSE,319000,residential_sale,3,,None,No,No,Yes,20,Yes,60,234,,,No,None
Villers-la-Ville (Villers-la-Ville),HOUSE,HOUSE,379000,residential_sale,4,,None,No,No,No,,No,,100,,,No,None
Ruisbroek,HOUSE,HOUSE,539000,residential_sale,4,,None,No,No,Yes,7,No,,245,,,No,None
Moerkerke,HOUSE,HOUSE,475000,residential_sale,6,,None,No,No,No,,No,,301,,,No,None
Woluwe-Saint-Lambert,HOUSE,HOUSE,620000,residential_sale,4,30,No,No,No,Yes,20,Yes,70,187,130,2,No,GOOD
Nivelles,APARTMENT,APARTMENT,160000,residential_sale,1,,None,No,No,Yes,6,No,,60,,,No,None
Uccle,APARTMENT,APARTMENT,235000,residential_sale,1,,None,No,No,Yes,14,No,,80,,,No,None
Berchem,APARTMENT,APARTMENT,385000,residential_sale,2,54,No,No,Yes,Yes,20,No,,120,,,No,GOOD
Antwerp,APARTMENT,APARTMENT,510000,residential_sale,3,,None,No,No,Yes,14,No,,117,,,No,None
Brugge,HOUSE,HOUSE,569000,residential_sale,4,,None,No,No,Yes,,No,,203,,,No,None
Oost-Vlaanderen,HOUSE,HOUSE,399000,residential_sale,2,,None,No,No,Yes,,No,,177,,,No,None
Woluwe-Saint-Lambert,APARTMENT,APARTMENT,295000,residential_sale,2,,None,No,No,Yes,5,No,,94,,,No,None
Waregem,HOUSE,HOUSE,249000,residential_sale,2,,None,No,No,No,,No,,104,,,No,None
Wijnegem,HOUSE,HOUSE,699000,residential_sale,3,,None,No,No,Yes,,Yes,,248,,,No,None
Beringen,HOUSE,HOUSE,275000,residential_sale,5,,None,No,Yes,No,,Yes,,205,,,No,None
Stekene,HOUSE,HOUSE,345000,residential_sale,2,27,No,No,Yes,No,,Yes,,,297,2,No,GOOD
Bruxelles,APARTMENT,APARTMENT,410000,residential_sale,3,,None,No,No,No,,No,,128,,,No,None
Blankenberge,APARTMENT,APARTMENT,285000,residential_sale,2,,None,Yes,Yes,Yes,,No,,72,,,No,None
SINAAI,HOUSE,HOUSE,399000,residential_sale,4,,None,No,Yes,No,,No,,300,,,No,None
Gavere,APARTMENT,APARTMENT,356000,residential_sale,3,29,Yes,No,No,Yes,11,No,,115,,4,No,AS_NEW
Bruxelles  2,HOUSE,HOUSE,1400000,residential_sale,5,100,No,No,Yes,No,,Yes,1642,450,1642,4,No,
Diest,HOUSE,HOUSE,210000,residential_sale,3,,None,No,Yes,No,,Yes,,190,,,No,None
Etterbeek,HOUSE,HOUSE,749000,residential_sale,5,,None,No,No,Yes,9,Yes,71,225,,,No,None
Gavere,APARTMENT,APARTMENT,355000,residential_sale,2,29,Yes,No,No,Yes,10,No,,110,,4,No,AS_NEW
Beveren,HOUSE,HOUSE,235000,residential_sale,3,31,No,No,No,Yes,15,Yes,115,155,228,2,No,TO_RENOVATE
Schaerbeek,APARTMENT,APARTMENT,275000,residential_sale,2,,None,No,No,Yes,8,No,,91,,,No,None
Wavre,APARTMENT,APARTMENT,280000,residential_sale,1,,None,No,No,Yes,10,No,,82,,,No,None
Middelkerke,HOUSE,HOUSE,295000,residential_sale,4,,None,No,No,No,,No,,170,,,No,None
Boechout,HOUSE,HOUSE,269000,residential_sale,3,,None,No,Yes,No,,Yes,42,145,,,No,None
Waregem,APARTMENT,APARTMENT,235000,residential_sale,2,,None,No,Yes,Yes,,No,,102,,,No,None
Namur Champion,HOUSE,HOUSE,295000,residential_sale,3,31,No,No,No,Yes,,Yes,9,155,967,4,No,GOOD
Marche-en-Famenne,APARTMENT,APARTMENT,20000,annuity_monthly_amount,1,27,No,No,Yes,No,,No,,55,,,No,GOOD
Uccle,APARTMENT,APARTMENT,520000,residential_sale,2,,None,No,No,Yes,6,No,,121,,,No,None
Gent Desteldonk,HOUSE,HOUSE,645000,residential_sale,4,26,No,No,No,Yes,30,Yes,117,217,280,3,No,AS_NEW
Gavere,APARTMENT,APARTMENT,351000,residential_sale,3,29,Yes,No,No,Yes,10,No,,112,,4,No,AS_NEW
Liège,HOUSE,HOUSE,450000,residential_sale,5,,None,No,No,Yes,15,Yes,102,180,,,No,None
Gavere,APARTMENT,APARTMENT,355000,residential_sale,3,29,Yes,No,No,Yes,10,No,,111,,4,No,AS_NEW
PUURS-SINT-AMANDS,APARTMENT,APARTMENT,172000,residential_sale,1,43,No,No,Yes,No,,No,,74,,2,No,GOOD
Gent,APARTMENT,APARTMENT,285000,residential_sale,2,30,No,No,No,Yes,6,Yes,,90,,,No,AS_NEW
Deinze,APARTMENT,APARTMENT,395000,residential_sale,2,34,Yes,No,No,Yes,12,No,,99,,2,No,AS_NEW
Deurne,APARTMENT,APARTMENT,285000,residential_sale,1,40,No,No,Yes,Yes,6,No,,103,,2,No,JUST_RENOVATED
Gent Mariakerke,HOUSE,HOUSE,441000,residential_sale,4,18,Yes,No,No,Yes,15,Yes,175,164,288,3,No,AS_NEW
Auderghem,HOUSE,HOUSE,549000,residential_sale,5,36,No,No,No,Yes,18,No,,200,94,3,No,GOOD
Gavere,APARTMENT,APARTMENT,323500,residential_sale,2,31,Yes,No,No,Yes,10,No,,97,,4,No,AS_NEW
Bruxelles,APARTMENT,APARTMENT,1050000,residential_sale,3,,None,No,Yes,No,,No,,230,,,No,None
Brussels City,APARTMENT,APARTMENT,285000,residential_sale,2,,None,Yes,Yes,Yes,17,No,,75,,,No,None
Deinze,APARTMENT,APARTMENT,330000,residential_sale,2,27,Yes,No,No,Yes,16,No,,96,,2,No,AS_NEW
Waregem,HOUSE,HOUSE,495000,residential_sale,3,,None,No,Yes,Yes,,No,,220,,,No,None
Ellezelles,HOUSE,HOUSE,695000,residential_sale,4,,None,No,No,No,,Yes,,277,,,No,None
Zwevegem,HOUSE,HOUSE,325000,residential_sale,3,,None,No,No,No,,No,,269,,,No,None
Gavere,APARTMENT,APARTMENT,311000,residential_sale,2,31,Yes,No,No,Yes,10,No,,97,,4,No,AS_NEW
Bruxelles,APARTMENT,APARTMENT,530000,residential_sale,2,49,Yes,No,No,Yes,13,No,,148,,2,No,AS_NEW
Gent Mariakerke,HOUSE,HOUSE,435750,residential_sale,5,20,Yes,No,No,Yes,14,Yes,39,172,149,3,No,
Bruxelles,HOUSE,HOUSE,429000,residential_sale,4,15,No,No,No,Yes,33,Yes,120,180,260,2,No,TO_BE_DONE_UP
Deinze,APARTMENT,APARTMENT,245000,residential_sale,1,38,Yes,No,No,Yes,10,No,,63,,2,No,AS_NEW
Gent Mariakerke,HOUSE,HOUSE,425250,residential_sale,4,20,Yes,No,No,Yes,14,Yes,45,157,160,3,No,
Horebeke,HOUSE,HOUSE,325000,residential_sale,3,,None,No,No,Yes,,Yes,,262,,,No,None
Schaerbeek,APARTMENT,APARTMENT,275000,residential_sale,2,,None,No,Yes,Yes,14,No,,95,,,No,None
Watermael-Boitsfort,APARTMENT,APARTMENT,495000,residential_sale,4,,None,No,No,Yes,28,No,,151,,,No,None
Huy,HOUSE,HOUSE,395000,residential_sale,3,55,No,No,Yes,Yes,35,Yes,586,229,770,2,No,AS_NEW
Sint-Kruis,HOUSE,HOUSE,299000,residential_sale,2,,None,No,No,Yes,,No,,127,,,No,None
Gavere,APARTMENT,APARTMENT,265000,residential_sale,1,19,Yes,No,No,Yes,11,No,,76,,4,No,AS_NEW
Wortegem-Petegem,HOUSE,HOUSE,274000,residential_sale,4,11,Yes,No,No,Yes,25,Yes,180,145,270,2,No,GOOD
Borgerhout,APARTMENT,APARTMENT,274000,residential_sale,2,31,No,No,Yes,Yes,4,Yes,34,78,,2,No,JUST_RENOVATED
Ixelles,APARTMENT,APARTMENT,380000,residential_sale,1,,None,No,No,Yes,,No,,74,,,No,None
Kruisem,HOUSE,HOUSE,115000,residential_sale,1,,None,No,No,No,,Yes,,106,,,No,None
Molenbeek-Saint-Jean,APARTMENT,APARTMENT,249000,residential_sale,2,,None,No,No,No,,No,,87,,,No,None
Woluwe-Saint-Lambert,APARTMENT,APARTMENT,245000,residential_sale,1,,None,Yes,No,Yes,5,No,,54,,,No,None
Moerkerke,APARTMENT,APARTMENT,427300,residential_sale,2,,None,No,No,Yes,20,No,,118,,,No,None
Halle,HOUSE,HOUSE,359000,residential_sale,3,26,No,No,Yes,No,,No,,110,264,2,No,GOOD
Deurne,APARTMENT,APARTMENT,274000,residential_sale,2,31,No,No,Yes,Yes,4,Yes,34,78,,2,No,JUST_RENOVATED
Gavere,APARTMENT,APARTMENT,260000,residential_sale,1,19,Yes,No,No,Yes,11,No,,76,,4,No,AS_NEW
Zonhoven,HOUSE,HOUSE,417500,residential_sale,3,,None,No,No,No,,No,,159,,,No,None
Bruxelles,APARTMENT,APARTMENT,361000,residential_sale,2,,None,No,No,Yes,8,No,,92,,,No,None
Saint-Ghislain,APARTMENT,APARTMENT,244000,residential_sale,2,,None,No,No,Yes,7,No,,115,,,No,None
Dilbeek,HOUSE,HOUSE,279000,residential_sale,3,27,No,No,No,Yes,,No,,135,205,2,No,TO_RENOVATE
Wezembeek-Oppem,HOUSE,HOUSE,349000,residential_sale,3,20,No,No,No,Yes,28,Yes,60,80,170,3,No,TO_BE_DONE_UP
Borgerhout,APARTMENT,APARTMENT,199000,residential_sale,2,42,No,No,Yes,Yes,4,No,,95,,2,No,GOOD
Schaarbeek,HOUSE,HOUSE,355000,residential_sale,4,,None,No,No,No,,No,,135,,,No,None
Uccle,APARTMENT,APARTMENT,265000,residential_sale,1,,None,No,Yes,Yes,4,No,,60,,,No,None
Saint-Ghislain,APARTMENT,APARTMENT,220000,residential_sale,2,,None,No,No,Yes,4,No,,89,,,No,None
Bruxelles,APARTMENT,APARTMENT,360000,residential_sale,2,,None,No,No,Yes,10,No,,99,,,No,None
Bruxelles,APARTMENT,APARTMENT,606000,residential_sale,3,,None,No,No,No,,No,,220,,,No,None
Merksem,APARTMENT,APARTMENT,195000,residential_sale,2,28,No,No,Yes,Yes,2,No,,76,,2,No,TO_BE_DONE_UP
Zaventem,APARTMENT,APARTMENT,260000,residential_sale,2,,None,No,No,No,,No,,89,,,Yes,None
Wingene,HOUSE,HOUSE,275000,residential_sale,5,,None,No,No,Yes,,No,,200,,,No,None
Berloz,HOUSE,HOUSE,300000,residential_sale,3,58,No,No,No,Yes,30,Yes,430,190,659,2,No,GOOD
Bruxelles,APARTMENT,APARTMENT,420000,residential_sale,2,,None,No,No,Yes,6,No,,120,,,No,None
Bruxelles,APARTMENT,APARTMENT,321000,residential_sale,2,,None,No,No,No,,No,,92,,,No,None
Tienen,HOUSE,HOUSE,279000,residential_sale,3,32,No,No,Yes,Yes,20,Yes,115,140,175,2,No,GOOD
Saint-Ghislain,APARTMENT,APARTMENT,183000,residential_sale,1,,None,No,No,Yes,4,No,,73,,,No,None
Brussels City,APARTMENT,APARTMENT,255000,residential_sale,2,,None,Yes,Yes,Yes,10,No,,67,,,No,None
Zonhoven,APARTMENT,APARTMENT,192000,residential_sale,2,,None,No,No,No,,No,,106,,,No,None
Antwerp,HOUSE,HOUSE,239000,residential_sale,5,19,No,No,Yes,Yes,5,No,,150,56,2,No,TO_BE_DONE_UP
Buizingen,HOUSE,HOUSE,590000,residential_sale,3,41,No,No,Yes,Yes,,No,,175,562,4,No,GOOD
Noiseux,HOUSE,HOUSE,259000,residential_sale,3,,None,No,No,Yes,61,Yes,431,180,,,No,None
Etterbeek,APARTMENT,APARTMENT,195000,residential_sale,1,,None,No,No,No,,No,,41,,,No,None
Jette,APARTMENT,APARTMENT,299000,residential_sale,2,,None,No,No,Yes,11,No,,80,,,No,None
Schaerbeek,APARTMENT,APARTMENT,179000,residential_sale,1,,None,No,No,No,,No,,70,,,No,None
Ninove,APARTMENT,APARTMENT,150000,residential_sale,1,24,No,No,Yes,Yes,,No,,60,,2,No,GOOD
Bredene,HOUSE,HOUSE,382500,residential_sale,4,,None,No,No,No,,No,,190,,,No,None
Gent,APARTMENT,APARTMENT,254000,residential_sale,1,25,No,No,Yes,Yes,4,No,,53,,2,No,GOOD
Bruxelles,APARTMENT,APARTMENT,279000,residential_sale,1,,None,No,No,Yes,8,No,,74,,,No,None
Brussels City,APARTMENT,APARTMENT,237500,residential_sale,1,,None,Yes,Yes,Yes,3,No,,54,,,No,None
Liege,HOUSE,HOUSE,99000,residential_sale,4,17,No,No,No,No,,No,,123,60,3,No,TO_RENOVATE
Halle,HOUSE,HOUSE,590000,residential_sale,3,41,No,No,Yes,Yes,,No,,175,562,4,No,GOOD
Molenbeek-Saint-Jean,APARTMENT,APARTMENT,280000,residential_sale,3,,None,No,No,Yes,15,No,,132,,,No,None
Ninove,HOUSE,HOUSE,475000,residential_sale,7,48,No,No,No,No,,No,,290,408,3,No,AS_NEW
Kraainem,HOUSE,HOUSE,895000,residential_sale,5,27,Yes,No,No,Yes,25,Yes,728,250,818,3,No,AS_NEW
Watermael-Boitsfort,HOUSE,HOUSE,499500,residential_sale,3,26,No,No,No,Yes,20,Yes,50,138,100,2,No,GOOD
Leuven,APARTMENT,APARTMENT,698000,residential_sale,3,,None,No,No,Yes,46,No,,154,,,No,None
Woluwe-Saint-Lambert,APARTMENT,APARTMENT,250000,residential_sale,2,,None,No,No,Yes,17,No,,74,,,No,None
Ronse,HOUSE,HOUSE,249000,residential_sale,4,14,No,No,No,Yes,25,Yes,85,169,190,2,No,AS_NEW
Nivelles,APARTMENT,APARTMENT,239000,residential_sale,2,,None,No,Yes,Yes,9,No,,99,,,No,None
Welkenraedt,HOUSE,HOUSE,235000,residential_sale,5,12,No,No,No,No,,Yes,339,230,432,3,No,GOOD
Deinze,APARTMENT,APARTMENT,174500,residential_sale,1,,None,No,No,No,,No,,65,,,No,None
Brussels City,APARTMENT,APARTMENT,412000,residential_sale,2,,None,Yes,No,Yes,7,No,,91,,,No,None
Tervuren,HOUSE,HOUSE,1330000,residential_sale,5,65,Yes,No,No,Yes,,No,,520,4000,4,Yes,GOOD
Brussels City,APARTMENT,APARTMENT,225000,residential_sale,1,21,No,Yes,Yes,Yes,2,No,,38,,2,No,GOOD
Wetteren,APARTMENT,APARTMENT,169000,residential_sale,2,,None,Yes,Yes,Yes,,No,,86,,,No,None
Evere,APARTMENT,APARTMENT,240000,residential_sale,2,,None,No,No,Yes,13,No,,85,,,No,None
Schoten,APARTMENT,APARTMENT,235000,residential_sale,2,,None,No,Yes,Yes,2,No,,95,,,No,None
Brussels City,APARTMENT,APARTMENT,255000,residential_sale,2,,None,Yes,No,No,,No,,80,,,No,None
Sint-Pieters-Woluwe,APARTMENT,APARTMENT,285000,residential_sale,1,,None,No,No,No,,No,,70,,,No,None
Rixensart,HOUSE,HOUSE,795000,residential_sale,4,55,Yes,No,No,Yes,,No,,225,2000,4,No,GOOD
Ixelles,APARTMENT,APARTMENT,360000,residential_sale,2,40,Yes,No,No,No,,No,,88,,2,No,JUST_RENOVATED
Forest,APARTMENT,APARTMENT,175000,residential_sale,1,,None,No,No,Yes,2,No,,60,,,No,None
Gent,HOUSE,HOUSE,335000,residential_sale,3,21,No,No,No,No,,Yes,8,154,55,2,No,TO_BE_DONE_UP
Saint-hubert,HOUSE,HOUSE,99000,residential_sale,2,22,No,No,No,Yes,,No,,81,65,2,No,TO_BE_DONE_UP
Sint-Lambrechts-Woluwe,APARTMENT,APARTMENT,635000,residential_sale,3,,None,No,No,Yes,20,No,,142,,,No,None
Deinze,APARTMENT,APARTMENT,375000,residential_sale,2,15,Yes,No,No,Yes,28,Yes,,85,,4,No,AS_NEW
Knokke-Heist,APARTMENT,APARTMENT,1875000,residential_sale,3,,None,No,No,Yes,10,No,,115,,,No,None
Knokke-Heist,APARTMENT,APARTMENT,594000,residential_sale,3,35,No,Yes,No,Yes,6,No,,78,,2,No,AS_NEW
Laeken,APARTMENT,APARTMENT,199000,residential_sale,2,,None,No,No,Yes,5,No,,73,,,No,None
Uccle,APARTMENT,APARTMENT,320000,residential_sale,2,,None,No,No,Yes,8,No,,88,,,No,None
Berchem-Sainte-Agathe,APARTMENT,APARTMENT,340000,residential_sale,3,,None,No,Yes,Yes,3,No,,127,,,No,None
Evere,APARTMENT,APARTMENT,595000,residential_sale,3,,None,No,No,Yes,13,No,,140,,,No,None
Zaventem,APARTMENT,APARTMENT,299000,residential_sale,2,30,No,No,No,Yes,6,No,,78,,,No,AS_NEW
Antwerp,APARTMENT,APARTMENT,449000,residential_sale,3,69,No,No,Yes,Yes,8,No,,130,,2,No,AS_NEW
Uccle,APARTMENT,APARTMENT,420000,residential_sale,2,,None,No,No,Yes,5,No,,111,,,No,None
Zaventem,HOUSE,HOUSE,990000,residential_sale,7,,None,No,Yes,Yes,70,Yes,800,490,,,No,None
Woluwe-Saint-Lambert,APARTMENT,APARTMENT,279000,residential_sale,2,,None,No,No,No,,No,,90,,,No,None
Bruxelles,APARTMENT,APARTMENT,790000,residential_sale,3,67,Yes,No,No,Yes,27,No,,190,,2,No,AS_NEW
Molenbeek-Saint-Jean,HOUSE,HOUSE,395000,residential_sale,4,,None,No,No,Yes,9,Yes,100,180,,,No,None
Bruxelles,APARTMENT,APARTMENT,720000,residential_sale,3,,None,No,No,Yes,8,No,,202,,,No,None
Bruxelles,APARTMENT,APARTMENT,329000,residential_sale,2,,None,Yes,No,No,,No,,84,,,No,None
Antwerp,APARTMENT,APARTMENT,725000,residential_sale,3,,None,No,No,Yes,80,No,,125,,,No,None
Bruxelles,APARTMENT,APARTMENT,295000,residential_sale,1,,None,No,No,Yes,4,No,,83,,,No,None
Schaerbeek,APARTMENT,APARTMENT,285000,residential_sale,1,,None,No,No,No,,No,,65,,,No,None
Virton,HOUSE,HOUSE,199000,residential_sale,3,23,No,No,No,No,,No,,187,0,2,No,GOOD
Vielsalm,APARTMENT,APARTMENT,200000,residential_sale,2,,None,No,No,Yes,6,Yes,16,85,,,No,None
Vilvoorde,HOUSE,HOUSE,530000,residential_sale,5,26,Yes,No,No,Yes,,Yes,380,177,612,4,No,AS_NEW
Asse,HOUSE,HOUSE,349000,residential_sale,2,43,Yes,No,No,No,,Yes,45,,139,2,No,
Merchtem,HOUSE,HOUSE,285000,residential_sale,3,36,No,No,No,Yes,,No,,178,769,2,No,GOOD
Willebroek,HOUSE,HOUSE,539000,residential_sale,4,50,No,No,Yes,No,,Yes,,220,500,3,No,GOOD
Bornem,HOUSE,HOUSE,395000,residential_sale,3,41,Yes,No,No,Yes,,No,,140,325,3,No,
Vilvoorde,HOUSE,HOUSE,460000,residential_sale,5,37,No,No,No,Yes,20,Yes,110,250,220,2,No,TO_BE_DONE_UP
Namur,APARTMENT,APARTMENT,179000,residential_sale,1,12,No,No,No,Yes,30,No,,62,,2,No,JUST_RENOVATED
Anderlecht,APARTMENT,APARTMENT,300000,residential_sale,3,,None,Yes,No,Yes,15,No,,130,,,No,None
Oost-Vlaanderen,HOUSE,HOUSE,399000,residential_sale,3,,None,No,No,Yes,,No,,177,,,No,None
Vilvoorde,HOUSE,HOUSE,250000,residential_sale,5,,None,No,No,Yes,8,No,,157,,,No,None
Ronse,HOUSE,HOUSE,265000,residential_sale,4,,None,No,No,Yes,20,Yes,82,168,,,No,None
Nevele Merendree,HOUSE,HOUSE,460000,residential_sale,4,,None,No,No,Yes,25,Yes,110,165,,,No,None
Oupeye,HOUSE,HOUSE,234000,residential_sale,4,40,No,No,No,Yes,38,Yes,300,173,513,3,No,GOOD
Herstal,HOUSE,HOUSE,164000,residential_sale,4,25,No,No,No,Yes,80,No,,167,90,3,No,GOOD
Sint-Lambrechts-Woluwe,APARTMENT,APARTMENT,540000,residential_sale,3,,None,No,No,Yes,10,No,,120,,,No,None
Forest,HOUSE,HOUSE,545000,residential_sale,4,23,No,No,No,Yes,45,No,,254,260,2,No,TO_BE_DONE_UP
Braine-l'Alleud,APARTMENT,APARTMENT,335000,residential_sale,2,,None,No,No,Yes,7,No,,103,,,No,None
Gent,APARTMENT,APARTMENT,299000,residential_sale,3,,None,No,Yes,Yes,1,No,,112,,,No,None
Leuven,APARTMENT,APARTMENT,299000,residential_sale,2,,None,No,Yes,Yes,30,No,,103,,,No,None
Andenne,HOUSE,HOUSE,335000,residential_sale,4,,None,No,Yes,Yes,,Yes,,209,,,No,None
Gent,APARTMENT,APARTMENT,235000,residential_sale,1,,None,Yes,Yes,Yes,5,Yes,,41,,,No,None
Neder-over-Heembeek,APARTMENT,APARTMENT,249000,residential_sale,2,,None,No,No,Yes,6,No,,82,,,No,None
Seraing,HOUSE,HOUSE,149000,residential_sale,2,14,No,No,No,Yes,,Yes,25,105,105,2,No,GOOD
Brussels City,APARTMENT,APARTMENT,985000,residential_sale,4,,None,No,No,No,,No,,221,,,No,None
Sint-Andries,HOUSE,HOUSE,625000,residential_sale,3,,None,No,No,No,,Yes,400,185,,,No,None
Woluwe-Saint-Pierre,APARTMENT,APARTMENT,329000,residential_sale,2,,None,No,No,No,,No,,95,,,No,None
Liedekerke,HOUSE,HOUSE,349000,residential_sale,3,32,Yes,No,No,Yes,25,Yes,150,180,256,2,No,AS_NEW
Saint-Gilles,APARTMENT,APARTMENT,239000,residential_sale,1,,None,No,No,No,,No,,50,,,No,None
Sint-Lambrechts-Woluwe,APARTMENT,APARTMENT,540000,residential_sale,2,,None,No,No,Yes,10,No,,120,,,No,None
Deinze,APARTMENT,APARTMENT,395000,residential_sale,2,22,Yes,No,No,Yes,12,Yes,,99,,4,No,AS_NEW
Hannut,APARTMENT,APARTMENT,135000,residential_sale,1,20,No,No,No,No,,No,,50,,2,No,GOOD
Liège,APARTMENT,APARTMENT,155000,annuity_monthly_amount,2,,None,No,Yes,Yes,5,No,,98,,,No,None
GLONS,APARTMENT,APARTMENT,138000,residential_sale,2,,None,No,Yes,Yes,2,No,,72,,,No,None
Liege,APARTMENT,APARTMENT,139000,residential_sale,1,,None,No,No,No,,No,,60,,,No,None
Liege,HOUSE,HOUSE,139000,residential_sale,4,48,No,No,No,Yes,65,Yes,199,164,317,3,No,TO_RENOVATE
Beyne-Heusay,APARTMENT,APARTMENT,155000,residential_sale,1,,None,No,Yes,Yes,3,No,,57,,,No,None
Antwerp,APARTMENT,APARTMENT,157000,residential_sale,1,16,Yes,Yes,Yes,Yes,5,No,,32,,2,No,JUST_RENOVATED
Wilrijk,APARTMENT,APARTMENT,159000,residential_sale,2,31,No,No,Yes,Yes,3,No,,81,,4,No,GOOD
Boom,APARTMENT,APARTMENT,159000,residential_sale,2,26,No,No,Yes,Yes,3,No,,82,,2,No,GOOD
Ronse,HOUSE,HOUSE,139000,residential_sale,3,20,No,No,No,No,,Yes,230,145,300,2,No,TO_BE_DONE_UP
Antwerp,APARTMENT,APARTMENT,142500,residential_sale,1,,None,No,Yes,Yes,6,No,,30,,,No,None
Liege,APARTMENT,APARTMENT,164000,residential_sale,1,38,No,Yes,No,No,,No,,76,,2,No,JUST_RENOVATED
Anderlecht,APARTMENT,APARTMENT,144720,residential_sale,1,,None,No,No,No,,No,,63,,,No,None
Woluwe-Saint-Lambert,APARTMENT,APARTMENT,145000,residential_sale,1,,None,No,No,Yes,7,No,,35,,,No,None
Herstal,HOUSE,HOUSE,159000,residential_sale,3,26,No,No,No,Yes,36,No,,115,83,2,No,GOOD
Bertrix,APARTMENT,APARTMENT,163000,residential_sale,2,,None,No,No,Yes,23,No,,80,,,No,None
Wanze,APARTMENT,APARTMENT,159500,residential_sale,2,,None,No,Yes,Yes,,No,,80,,,No,None
Rumst,HOUSE,HOUSE,345000,residential_sale,3,,None,No,No,Yes,12,Yes,150,207,,,No,None
Antwerp,APARTMENT,APARTMENT,289000,residential_sale,2,,None,Yes,No,Yes,,No,,85,,,No,None
Lier,HOUSE,HOUSE,189000,residential_sale,2,,None,No,Yes,No,,Yes,,108,,,No,None
Knokke-Heist,APARTMENT,APARTMENT,1295000,residential_sale,3,,None,Yes,No,Yes,,No,,104,,,No,None
Antwerp,APARTMENT,APARTMENT,239500,residential_sale,1,,None,No,No,Yes,9,No,,50,,,No,None
Lasne,HOUSE,HOUSE,695000,residential_sale,3,18,No,No,No,Yes,47,Yes,2650,136,2650,4,Yes,AS_NEW
Knokke-Zoute,APARTMENT,APARTMENT,2840000,residential_sale,3,,None,No,No,Yes,,No,,130,,,No,None
Anderlecht,APARTMENT,APARTMENT,130000,residential_sale,2,,None,No,No,No,,No,,60,,,No,None
Sint-Lievens-Houtem,HOUSE,HOUSE,279000,residential_sale,3,30,No,No,No,Yes,,No,,138,131,3,No,GOOD
Evere,APARTMENT,APARTMENT,379000,residential_sale,2,25,Yes,No,No,Yes,70,Yes,50,98,,3,No,AS_NEW
Comblain-au-Pont,HOUSE,HOUSE,169000,residential_sale,2,43,No,No,No,No,,No,,111,218,3,No,TO_RENOVATE
Aywaille,HOUSE,HOUSE,129000,residential_sale,2,21,No,No,No,No,,No,,79,0,2,No,TO_RENOVATE
Ans,HOUSE,HOUSE,125000,residential_sale,4,16,No,No,No,No,,No,,140,149,2,No,TO_BE_DONE_UP
Dison,APARTMENT,APARTMENT,105000,residential_sale,1,,None,No,No,Yes,,No,,82,,,No,None
Sprimont Gomze-Andoumont,HOUSE,HOUSE,229000,residential_sale,4,31,Yes,No,No,No,,Yes,170,147,291,3,No,GOOD
Namur,HOUSE,HOUSE,259000,residential_sale,4,,None,Yes,No,Yes,70,Yes,100,165,,,No,None
Sint-Kruis,HOUSE,HOUSE,645000,residential_sale,3,,None,No,No,Yes,,No,,162,,,No,None
Haaltert,HOUSE,HOUSE,391500,residential_sale,3,52,Yes,No,No,No,,No,,142,266,3,No,
Denderleeuw,HOUSE,HOUSE,325000,residential_sale,3,36,No,No,No,Yes,58,No,,163,118,2,No,GOOD
Mouscron Dottignies,HOUSE,HOUSE,219000,residential_sale,4,,None,No,No,Yes,,No,,,,,No,None
Céroux-Mousty,HOUSE,HOUSE,279000,residential_sale,2,30,No,No,No,Yes,15,Yes,400,110,531,3,No,TO_BE_DONE_UP
Denderleeuw,HOUSE,HOUSE,325000,residential_sale,3,36,No,No,No,Yes,58,No,,163,118,2,No,GOOD
Court-Saint-Etienne,HOUSE,HOUSE,279000,residential_sale,2,30,No,No,No,Yes,15,Yes,400,110,531,3,No,TO_BE_DONE_UP
Knokke-Heist,HOUSE,HOUSE,675000,residential_sale,3,,None,No,No,Yes,,No,,232,,,No,None
Braine-l'Alleud,HOUSE,HOUSE,439000,residential_sale,4,40,Yes,No,No,Yes,45,Yes,307,212,307,3,No,AS_NEW
Hulshout,APARTMENT,APARTMENT,248000,residential_sale,2,,None,No,No,Yes,20,No,,84,,,No,None
Stabroek,HOUSE,HOUSE,585000,residential_sale,4,80,No,No,No,Yes,,No,,230,893,4,No,
Hulshout,APARTMENT,APARTMENT,190000,residential_sale,1,,None,No,No,Yes,19,No,,56,,,No,None
Auderghem,HOUSE,HOUSE,795000,residential_sale,4,35,No,No,No,Yes,15,Yes,150,150,222,2,No,JUST_RENOVATED
Schaerbeek,APARTMENT,APARTMENT,155000,residential_sale,1,,None,No,No,Yes,5,No,,42,,,No,None
Sprimont,HOUSE,HOUSE,175000,residential_sale,1,16,No,No,No,Yes,,Yes,140,70,259,3,No,TO_RENOVATE
Huy,APARTMENT,APARTMENT,149500,residential_sale,2,,None,No,Yes,No,,No,,75,,,No,None
Ronse,HOUSE,HOUSE,149000,residential_sale,3,,None,No,No,No,,Yes,20,180,,,No,None
Borgerhout,APARTMENT,APARTMENT,174000,residential_sale,2,32,No,No,Yes,No,,No,,76,,2,No,GOOD
Nivelles,APARTMENT,APARTMENT,175000,residential_sale,2,,None,No,No,Yes,3,No,,77,,,No,None
Ronse,HOUSE,HOUSE,149000,residential_sale,2,,None,No,No,Yes,10,No,,145,,,No,None
Esneux Tilff,HOUSE,HOUSE,174000,residential_sale,2,10,No,No,No,Yes,36,Yes,315,139,413,3,No,TO_BE_DONE_UP
Herstal,APARTMENT,APARTMENT,149500,residential_sale,2,,None,Yes,Yes,Yes,12,No,,75,,,No,None
Saint-Gilles,APARTMENT,APARTMENT,170000,residential_sale,1,15,No,No,No,No,,No,,49,,2,No,TO_RENOVATE
Ronse,HOUSE,HOUSE,149000,residential_sale,2,12,No,No,No,Yes,10,Yes,50,155,150,2,No,TO_RENOVATE
Deurne,APARTMENT,APARTMENT,174000,residential_sale,2,32,No,No,Yes,No,,No,,76,,2,No,GOOD
Huy,APARTMENT,APARTMENT,149000,residential_sale,1,,None,No,Yes,Yes,10,Yes,,81,,,No,None
Ronse,APARTMENT,APARTMENT,169000,residential_sale,2,,None,No,No,Yes,4,No,,74,,,No,None
Crisnée,HOUSE,HOUSE,149000,residential_sale,2,18,No,No,No,Yes,16,No,,120,90,3,No,TO_RENOVATE
Herstal Vottem,HOUSE,HOUSE,149000,residential_sale,2,16,No,No,No,No,,Yes,304,114,422,4,No,TO_RENOVATE
Huy,APARTMENT,APARTMENT,169000,residential_sale,3,,None,No,Yes,Yes,8,No,,97,,,No,None
Liege,APARTMENT,APARTMENT,149000,residential_sale,1,67,No,No,No,No,,No,,106,,,No,JUST_RENOVATED
Liege,APARTMENT,APARTMENT,169000,residential_sale,1,27,No,No,No,No,,No,,74,,2,No,AS_NEW
Liege,HOUSE,HOUSE,169000,residential_sale,4,11,No,No,No,Yes,27,Yes,28,129,75,2,No,TO_RENOVATE
Liege,HOUSE,HOUSE,149000,residential_sale,4,24,No,No,No,Yes,,No,,123,150,3,No,TO_BE_DONE_UP
Buizingen,APARTMENT,APARTMENT,169000,residential_sale,2,,None,No,Yes,Yes,2,No,,78,,,No,None
Braine-le-Chateau,HOUSE,HOUSE,145000,residential_sale,2,16,No,No,No,Yes,9,No,,64,43,3,No,TO_BE_DONE_UP
BLAASVELD,HOUSE,HOUSE,149000,residential_sale,3,34,No,No,Yes,Yes,13,No,,116,77,2,No,TO_RENOVATE
Halle,APARTMENT,APARTMENT,169000,residential_sale,2,,None,No,Yes,Yes,2,No,,78,,,No,None
Hoboken,APARTMENT,APARTMENT,165000,residential_sale,2,31,No,No,Yes,Yes,5,No,,90,,2,No,TO_BE_DONE_UP
